{
  "version": "1.0.0",
  "lastUpdated": "2025-07-05T06:28:58.563Z",
  "counselors": {
    "dr-sarah-mitchell": {
      "name": "Dr. Sarah Mitchell",
      "title": "Licensed Clinical Psychologist",
      "specialty": "CBT & Anxiety Disorders",
      "avatar": {
        "gender": "female",
        "style": "professional",
        "hair": "long_brown",
        "outfit": "business_casual",
        "accessories": [
          "glasses"
        ],
        "skinTone": "light",
        "eyeColor": "brown",
        "fallbackImage": "https://images.unsplash.com/photo-1559839734-2b71ea197ec2?w=400&h=400&fit=crop&crop=face"
      },
      "voice": {
        "provider": "elevenlabs",
        "voiceId": "pNInz6obpgDQGcFmaJgB",
        "settings": {
          "stability": 0.5,
          "similarity_boost": 0.75
        }
      },
      "personality": {
        "traits": [
          "compassionate",
          "evidence-based",
          "professional"
        ],
        "communication": "clear, structured, supportive",
        "approach": "CBT-focused with mindfulness integration"
      }
    },
    "michael-rodriguez": {
      "name": "Michael Rodriguez",
      "title": "Licensed Professional Counselor",
      "specialty": "Substance Abuse & Recovery",
      "avatar": {
        "gender": "male",
        "style": "supportive",
        "hair": "short_black",
        "outfit": "casual_professional",
        "accessories": [],
        "skinTone": "medium",
        "eyeColor": "brown",
        "fallbackImage": "https://images.unsplash.com/photo-1507003211169-0a1dd7228f2d?w=400&h=400&fit=crop&crop=face"
      },
      "voice": {
        "provider": "elevenlabs",
        "voiceId": "VR6AewLTigWG4xSOukaG",
        "settings": {
          "stability": 0.6,
          "similarity_boost": 0.8
        }
      },
      "personality": {
        "traits": [
          "empathetic",
          "understanding",
          "encouraging"
        ],
        "communication": "warm, non-judgmental, motivational",
        "approach": "Recovery-focused with relapse prevention"
      }
    },
    "dr-emily-chen": {
      "name": "Dr. Emily Chen",
      "title": "Licensed Marriage & Family Therapist",
      "specialty": "Relationships & Family Therapy",
      "avatar": {
        "gender": "female",
        "style": "gentle",
        "hair": "long_black",
        "outfit": "soft_professional",
        "accessories": [
          "necklace"
        ],
        "skinTone": "light",
        "eyeColor": "dark_brown",
        "fallbackImage": "https://images.unsplash.com/photo-1594824476967-48c8b964273f?w=400&h=400&fit=crop&crop=face"
      },
      "voice": {
        "provider": "elevenlabs",
        "voiceId": "EXAVITQu4vr4xnSDxMaL",
        "settings": {
          "stability": 0.55,
          "similarity_boost": 0.7
        }
      },
      "personality": {
        "traits": [
          "warm",
          "nurturing",
          "insightful"
        ],
        "communication": "gentle, family-oriented, culturally sensitive",
        "approach": "Systemic therapy with attachment focus"
      }
    },
    "james-williams": {
      "name": "James Williams",
      "title": "Career & Life Coach",
      "specialty": "Career & Life Transitions",
      "avatar": {
        "gender": "male",
        "style": "confident",
        "hair": "short_brown",
        "outfit": "business",
        "accessories": [
          "watch"
        ],
        "skinTone": "light",
        "eyeColor": "blue",
        "fallbackImage": "https://images.unsplash.com/photo-1472099645785-5658abf4ff4e?w=400&h=400&fit=crop&crop=face"
      },
      "voice": {
        "provider": "elevenlabs",
        "voiceId": "pFZP5JQG7iQjVQuS4ng1",
        "settings": {
          "stability": 0.65,
          "similarity_boost": 0.85
        }
      },
      "personality": {
        "traits": [
          "motivational",
          "practical",
          "goal-oriented"
        ],
        "communication": "energetic, action-oriented, results-focused",
        "approach": "Solution-focused with career development"
      }
    },
    "dr-maria-garcia": {
      "name": "Dr. Maria Garcia",
      "title": "Crisis Intervention Specialist",
      "specialty": "Crisis & Trauma Support",
      "avatar": {
        "gender": "female",
        "style": "calm",
        "hair": "medium_brown",
        "outfit": "medical_professional",
        "accessories": [
          "stethoscope"
        ],
        "skinTone": "medium",
        "eyeColor": "brown",
        "fallbackImage": "https://images.unsplash.com/photo-1582750433449-648ed127bb54?w=400&h=400&fit=crop&crop=face"
      },
      "voice": {
        "provider": "elevenlabs",
        "voiceId": "21m00Tcm4TlvDq8ikWAM",
        "settings": {
          "stability": 0.7,
          "similarity_boost": 0.9
        }
      },
      "personality": {
        "traits": [
          "calm",
          "reassuring",
          "crisis-trained"
        ],
        "communication": "steady, grounding, safety-focused",
        "approach": "Crisis intervention with trauma-informed care"
      }
    },
    "lisa-thompson": {
      "name": "Lisa Thompson",
      "title": "Youth & Adolescent Counselor",
      "specialty": "Youth & Adolescent Support",
      "avatar": {
        "gender": "female",
        "style": "friendly",
        "hair": "long_blonde",
        "outfit": "welcoming",
        "accessories": [
          "name_tag"
        ],
        "skinTone": "light",
        "eyeColor": "green",
        "fallbackImage": "https://images.unsplash.com/photo-1494790108755-2616b612b786?w=400&h=400&fit=crop&crop=face"
      },
      "voice": {
        "provider": "elevenlabs",
        "voiceId": "AZnzlk1XvdvUeBnXmlld",
        "settings": {
          "stability": 0.5,
          "similarity_boost": 0.65
        }
      },
      "personality": {
        "traits": [
          "approachable",
          "patient",
          "youth-focused"
        ],
        "communication": "age-appropriate, engaging, supportive",
        "approach": "Developmentally appropriate with play therapy elements"
      }
    }
  },
  "moods": {
    "neutral": {
      "expression": "neutral",
      "bodyLanguage": "relaxed",
      "eyeContact": "direct",
      "voiceTone": "calm"
    },
    "supportive": {
      "expression": "warm_smile",
      "bodyLanguage": "leaning_forward",
      "eyeContact": "caring",
      "voiceTone": "encouraging"
    },
    "empathetic": {
      "expression": "concerned",
      "bodyLanguage": "open_posture",
      "eyeContact": "understanding",
      "voiceTone": "compassionate"
    },
    "professional": {
      "expression": "focused",
      "bodyLanguage": "upright",
      "eyeContact": "attentive",
      "voiceTone": "clear"
    },
    "calm": {
      "expression": "serene",
      "bodyLanguage": "grounded",
      "eyeContact": "steady",
      "voiceTone": "soothing"
    },
    "encouraging": {
      "expression": "positive",
      "bodyLanguage": "energetic",
      "eyeContact": "motivating",
      "voiceTone": "uplifting"
    }
  },
  "animations": {
    "greeting": {
      "duration": 2000,
      "type": "wave",
      "intensity": "gentle",
      "trigger": "session_start"
    },
    "listening": {
      "duration": 3000,
      "type": "nod",
      "intensity": "subtle",
      "trigger": "user_speaking"
    },
    "thinking": {
      "duration": 1500,
      "type": "head_tilt",
      "intensity": "moderate",
      "trigger": "processing"
    },
    "responding": {
      "duration": 2500,
      "type": "gesture",
      "intensity": "natural",
      "trigger": "counselor_speaking"
    },
    "supportive": {
      "duration": 2000,
      "type": "lean_forward",
      "intensity": "caring",
      "trigger": "emotional_support"
    }
  },
  "technical": {
    "avatarSystem": "Ready Player Me",
    "voiceProviders": [
      "ElevenLabs",
      "PlayHT",
      "Amazon Polly"
    ],
    "lipSync": "D-ID Integration",
    "rendering": "Three.js 3D",
    "communication": "WebRTC",
    "fallbacks": {
      "avatar": "Static images with CSS animations",
      "voice": "Text-to-speech with browser APIs",
      "lipSync": "Basic mouth movement simulation"
    }
  }
}