{
  "id": "dr-maria-garcia",
  "name": "Dr. Maria Garcia",
  "title": "Crisis Intervention Specialist",
  "specialty": "Crisis & Trauma Support",
  "avatar": {
    "gender": "female",
    "style": "calm",
    "hair": "medium_brown",
    "outfit": "medical_professional",
    "accessories": [
      "stethoscope"
    ],
    "skinTone": "medium",
    "eyeColor": "brown",
    "fallbackImage": "https://images.unsplash.com/photo-1582750433449-648ed127bb54?w=400&h=400&fit=crop&crop=face"
  },
  "voice": {
    "provider": "elevenlabs",
    "voiceId": "21m00Tcm4TlvDq8ikWAM",
    "settings": {
      "stability": 0.7,
      "similarity_boost": 0.9
    }
  },
  "personality": {
    "traits": [
      "calm",
      "reassuring",
      "crisis-trained"
    ],
    "communication": "steady, grounding, safety-focused",
    "approach": "Crisis intervention with trauma-informed care"
  },
  "apiEndpoints": {
    "avatar": "/api/avatar/counselor/dr-maria-garcia",
    "mood": "/api/avatar/counselor/dr-maria-garcia/mood/:mood",
    "animations": "/api/avatar/counselor/dr-maria-garcia/animations",
    "voice": "/api/voice/synthesize/dr-maria-garcia",
    "lipSync": "/api/lipsync/generate"
  }
}